{"loss": [8.397404670715332, 4.705646514892578, 4.027864456176758, 4.554038047790527, 3.0901410579681396, 4.041219711303711, 2.7396621704101562, 2.5376079082489014, 1.592437982559204, 1.6351491212844849, 1.2033692598342896, 1.139089822769165, 1.1428042650222778, 1.1609174013137817, 1.1479026079177856, 0.8923599720001221, 1.0506101846694946, 0.8438360691070557, 0.8764954209327698, 0.6740218997001648, 1.0126960277557373, 0.6295762658119202, 0.7344198822975159, 0.7826365232467651, 0.5201123952865601, 0.5782442092895508, 0.5934838652610779, 0.5523135662078857, 0.6342872381210327, 0.6054227948188782], "accuracy": [0.07210205495357513, 0.11148086190223694, 0.18968385457992554, 0.22074320912361145, 0.3427620530128479, 0.3932335078716278, 0.5002773404121399, 0.5330005288124084, 0.622296154499054, 0.6500277519226074, 0.7165834903717041, 0.7149195671081543, 0.7548530101776123, 0.7676095366477966, 0.7942318320274353, 0.8064337372779846, 0.8075429797172546, 0.8624514937400818, 0.8452578783035278, 0.8691070675849915, 0.8580144047737122, 0.8868552446365356, 0.880199670791626, 0.8935108184814453, 0.9101497530937195, 0.9079312086105347, 0.9145867824554443, 0.9156960844993591, 0.9129229187965393, 0.9090405106544495], "val_loss": [2.874352216720581, 2.5308024883270264, 2.100139856338501, 3.8784468173980713, 1.7704161405563354, 1.3874589204788208, 1.0003397464752197, 0.7764012813568115, 1.2881546020507812, 0.7761624455451965, 1.312976360321045, 2.855597972869873, 2.914125680923462, 0.718020498752594, 2.431302785873413, 0.9601919651031494, 4.05291748046875, 0.8840646743774414, 1.0766575336456299, 5.220273017883301, 1.0453883409500122, 0.7764671444892883, 0.977447509765625, 0.9972541332244873, 0.8182641267776489, 4.10939359664917, 1.1698856353759766, 1.5381742715835571, 1.4704868793487549, 1.0775299072265625], "val_accuracy": [0.08292683213949203, 0.34634146094322205, 0.47804877161979675, 0.25853657722473145, 0.5658536553382874, 0.6975609660148621, 0.7560975551605225, 0.8390243649482727, 0.6975609660148621, 0.8682926893234253, 0.7365853786468506, 0.6634146571159363, 0.6487804651260376, 0.9121951460838318, 0.7268292903900146, 0.8195121884346008, 0.6390243768692017, 0.9219512343406677, 0.9463414549827576, 0.707317054271698, 0.9512194991111755, 0.9609755873680115, 0.9121951460838318, 0.9609755873680115, 0.9609755873680115, 0.7804877758026123, 0.9804878234863281, 0.9219512343406677, 0.9463414549827576, 0.9609755873680115]}